state,GDP
Guangdong,677.9224
Jiangsu,650.8832
Shandong,594.2659
Zhejiang,401.535
Henan,349.3938
Hebei,294.2115
Liaoning,286.2658
Sichuan,285.3666
Hubei,273.6704
Hunan,270.4846
Fujian,240.5576
Shanghai,235.6094
Beijing,213.3083
Anhui,208.4875
Nei Mongol,177.6951
Shaanxi,176.8994
Tianjin,157.2247
Jiangxi,157.0859
Guangxi,156.7297
Heilongjiang,150.3938
Chongqing,142.654
Jilin,138.0381
Yunnan,128.1459
Shanxi,127.5944
Xinjiang Uygur,92.641
Guizhou,92.5101
Gansu,68.3527
Hainan,35.0072
Ningxia Hui,27.521
Qinghai,23.0112
Xizang,9.2083
